date,value,name,source
1885-03,8.27461,CPI,github-csv
1885-04,8.09372,CPI,github-csv
1885-05,7.91551,CPI,github-csv
1885-06,7.98906,CPI,github-csv
1885-07,7.99223,CPI,github-csv
1885-08,7.90016,CPI,github-csv
1885-09,7.89709,CPI,github-csv
1885-10,7.98609,CPI,github-csv
1885-11,8.17617,CPI,github-csv
1885-12,7.99837,CPI,github-csv
1886-01,7.99223,CPI,github-csv
1886-02,7.90728,CPI,github-csv
1886-03,7.80501,CPI,github-csv
1886-04,7.61799,CPI,github-csv
1886-05,7.52878,CPI,github-csv
1886-06,7.60848,CPI,github-csv
1886-07,7.70065,CPI,github-csv
1886-08,7.70679,CPI,github-csv
1886-09,7.70679,CPI,github-csv
1886-10,7.70679,CPI,github-csv
1886-11,7.79877,CPI,github-csv
1886-12,7.98609,CPI,github-csv
1887-01,8.08431,CPI,github-csv
1887-02,8.08738,CPI,github-csv
1887-03,8.08738,CPI,github-csv
1887-04,8.08738,CPI,github-csv
1887-05,7.9953,CPI,github-csv
1887-06,7.90026,CPI,github-csv
1887-07,7.98302,CPI,github-csv
1887-08,7.90016,CPI,github-csv
1887-09,7.98906,CPI,github-csv
1887-10,8.08431,CPI,github-csv
1887-11,8.27134,CPI,github-csv
1887-12,8.3667,CPI,github-csv
1888-01,8.28075,CPI,github-csv
1888-02,8.27768,CPI,github-csv
1888-03,8.19172,CPI,github-csv
1888-04,8.09055,CPI,github-csv
1888-05,7.9953,CPI,github-csv
1888-06,8.08104,CPI,github-csv
1888-07,8.08738,CPI,github-csv
1888-08,8.08738,CPI,github-csv
1888-09,8.173,CPI,github-csv
1888-10,8.27461,CPI,github-csv
1888-11,8.27768,CPI,github-csv
1888-12,8.00144,CPI,github-csv
1889-01,7.90016,CPI,github-csv
1889-02,7.80534,CPI,github-csv
1889-03,7.80194,CPI,github-csv
1889-04,7.64337,CPI,github-csv
1889-05,7.61165,CPI,github-csv
1889-06,7.61165,CPI,github-csv
1889-07,7.61165,CPI,github-csv
1889-08,7.70065,CPI,github-csv
1889-09,7.70679,CPI,github-csv
1889-10,7.70679,CPI,github-csv
1889-11,7.7956,CPI,github-csv
1889-12,7.61779,CPI,github-csv
1890-01,7.61165,CPI,github-csv
1890-02,7.61165,CPI,github-csv
1890-03,7.61165,CPI,github-csv
1890-04,7.70362,CPI,github-csv
1890-05,7.70679,CPI,github-csv
1890-06,7.70679,CPI,github-csv
1890-07,7.98302,CPI,github-csv
1890-08,8.07817,CPI,github-csv
1890-09,8.08738,CPI,github-csv
1890-10,7.90323,CPI,github-csv
1890-11,7.89709,CPI,github-csv
1890-12,7.80501,CPI,github-csv
1891-01,7.89095,CPI,github-csv
1891-02,7.98544,CPI,github-csv
1891-03,8.08431,CPI,github-csv
1891-04,7.9954,CPI,github-csv
1891-05,7.82036,CPI,github-csv
1891-06,7.70996,CPI,github-csv
1891-07,7.70679,CPI,github-csv
1891-08,7.61472,CPI,github-csv
1891-09,7.61165,CPI,github-csv
1891-10,7.52264,CPI,github-csv
1891-11,7.5165,CPI,github-csv
1891-12,7.33235,CPI,github-csv
1892-01,7.32621,CPI,github-csv
1892-02,7.14248,CPI,github-csv
1892-03,7.04384,CPI,github-csv
1892-04,7.04077,CPI,github-csv
1892-05,7.04077,CPI,github-csv
1892-06,7.22473,CPI,github-csv
1892-07,7.31701,CPI,github-csv
1892-08,7.32621,CPI,github-csv
1892-09,7.32621,CPI,github-csv
1892-10,7.51036,CPI,github-csv
1892-11,7.60848,CPI,github-csv
1892-12,7.87868,CPI,github-csv
1893-01,7.98916,CPI,github-csv
1893-02,7.80874,CPI,github-csv
1893-03,7.71293,CPI,github-csv
1893-04,7.62117,CPI,github-csv
1893-05,7.4275,CPI,github-csv
1893-06,7.23741,CPI,github-csv
1893-07,6.95484,CPI,github-csv
1893-08,7.22186,CPI,github-csv
1893-09,7.31987,CPI,github-csv
1893-10,7.14206,CPI,github-csv
1893-11,7.04712,CPI,github-csv
1893-12,6.8689,CPI,github-csv
1894-01,6.75841,CPI,github-csv
1894-02,6.57185,CPI,github-csv
1894-03,6.56505,CPI,github-csv
1894-04,6.56505,CPI,github-csv
1894-05,6.56505,CPI,github-csv
1894-06,6.56505,CPI,github-csv
1894-07,6.7492,CPI,github-csv
1894-08,6.84741,CPI,github-csv
1894-09,6.67922,CPI,github-csv
1894-10,6.66019,CPI,github-csv
1894-11,6.56822,CPI,github-csv
1894-12,6.56505,CPI,github-csv
1895-01,6.56505,CPI,github-csv
1895-02,6.56505,CPI,github-csv
1895-03,6.82286,CPI,github-csv
1895-04,6.94246,CPI,github-csv
1895-05,7.0377,CPI,github-csv
1895-06,6.95515,CPI,github-csv
1895-07,6.85355,CPI,github-csv
1895-08,6.85048,CPI,github-csv
1895-09,6.85048,CPI,github-csv
1895-10,6.85048,CPI,github-csv
1895-11,6.76169,CPI,github-csv
1895-12,6.66326,CPI,github-csv
1896-01,6.56812,CPI,github-csv
1896-02,6.56505,CPI,github-csv
1896-03,6.47297,CPI,github-csv
1896-04,6.37793,CPI,github-csv
1896-05,6.28882,CPI,github-csv
1896-06,6.27961,CPI,github-csv
1896-07,6.27961,CPI,github-csv
1896-08,6.27961,CPI,github-csv
1896-09,6.46356,CPI,github-csv
1896-10,6.64792,CPI,github-csv
1896-11,6.66019,CPI,github-csv
1896-12,6.47604,CPI,github-csv
1897-01,6.4699,CPI,github-csv
1897-02,6.4699,CPI,github-csv
1897-03,6.37782,CPI,github-csv
1897-04,6.28278,CPI,github-csv
1897-05,6.27961,CPI,github-csv
1897-06,6.27961,CPI,github-csv
1897-07,6.54664,CPI,github-csv
1897-08,6.7492,CPI,github-csv
1897-09,6.66337,CPI,github-csv
1897-10,6.66019,CPI,github-csv
1897-11,6.66019,CPI,github-csv
1897-12,6.66019,CPI,github-csv
1898-01,6.75227,CPI,github-csv
1898-02,6.75534,CPI,github-csv
1898-03,6.75534,CPI,github-csv
1898-04,7.19936,CPI,github-csv
1898-05,6.77069,CPI,github-csv
1898-06,6.66337,CPI,github-csv
1898-07,6.66019,CPI,github-csv
1898-08,6.66019,CPI,github-csv
1898-09,6.66019,CPI,github-csv
1898-10,6.66019,CPI,github-csv
1898-11,6.75217,CPI,github-csv
1898-12,6.75534,CPI,github-csv
1899-01,6.93949,CPI,github-csv
1899-02,6.94563,CPI,github-csv
1899-03,7.03464,CPI,github-csv
1899-04,7.04077,CPI,github-csv
1899-05,7.13285,CPI,github-csv
1899-06,7.2279,CPI,github-csv
1899-07,7.32314,CPI,github-csv
1899-08,7.60244,CPI,github-csv
1899-09,7.69728,CPI,github-csv
1899-10,7.79887,CPI,github-csv
1899-11,7.89075,CPI,github-csv
1899-12,7.89709,CPI,github-csv
1900-01,7.98916,CPI,github-csv
1900-02,7.99223,CPI,github-csv
1900-03,7.99223,CPI,github-csv
1900-04,7.80828,CPI,github-csv
1900-05,7.70986,CPI,github-csv
1900-06,7.7956,CPI,github-csv
1900-07,7.70986,CPI,github-csv
1900-08,7.79887,CPI,github-csv
1900-09,7.71631,CPI,github-csv
1900-10,7.70679,CPI,github-csv
1900-11,7.61482,CPI,github-csv
1900-12,7.70372,CPI,github-csv
1901-01,7.61472,CPI,github-csv
1901-02,7.61165,CPI,github-csv
1901-03,7.52571,CPI,github-csv
1901-04,7.5165,CPI,github-csv
1901-05,7.5165,CPI,github-csv
1901-06,7.60214,CPI,github-csv
1901-07,7.70372,CPI,github-csv
1901-08,7.7958,CPI,github-csv
1901-09,7.80194,CPI,github-csv
1901-10,7.89402,CPI,github-csv
1901-11,7.98589,CPI,github-csv
1901-12,7.90016,CPI,github-csv
1902-01,7.89709,CPI,github-csv
1902-02,7.89709,CPI,github-csv
1902-03,7.98916,CPI,github-csv
1902-04,8.08421,CPI,github-csv
1902-05,8.17331,CPI,github-csv
1902-06,8.18251,CPI,github-csv
1902-07,8.09045,CPI,github-csv
1902-08,8.17331,CPI,github-csv
1902-09,8.73439,CPI,github-csv
1902-10,8.47714,CPI,github-csv
1902-11,8.55358,CPI,github-csv
1902-12,8.65519,CPI,github-csv
1903-01,8.65826,CPI,github-csv
1903-02,8.39323,CPI,github-csv
1903-03,8.37284,CPI,github-csv
1903-04,8.18886,CPI,github-csv
1903-05,8.18251,CPI,github-csv
1903-06,8.18251,CPI,github-csv
1903-07,8.18251,CPI,github-csv
1903-08,8.27461,CPI,github-csv
1903-09,8.18569,CPI,github-csv
1903-10,8.09352,CPI,github-csv
1903-11,8.08738,CPI,github-csv
1903-12,8.27154,CPI,github-csv
1904-01,8.44952,CPI,github-csv
1904-02,8.37612,CPI,github-csv
1904-03,8.28075,CPI,github-csv
1904-04,8.10007,CPI,github-csv
1904-05,8.08738,CPI,github-csv
1904-06,8.08738,CPI,github-csv
1904-07,8.17331,CPI,github-csv
1904-08,8.27461,CPI,github-csv
1904-09,8.27768,CPI,github-csv
1904-10,8.46179,CPI,github-csv
1904-11,8.46793,CPI,github-csv
1904-12,8.46793,CPI,github-csv
1905-01,8.46793,CPI,github-csv
1905-02,8.37624,CPI,github-csv
1905-03,8.37284,CPI,github-csv
1905-04,8.2872,CPI,github-csv
1905-05,8.27768,CPI,github-csv
1905-06,8.27768,CPI,github-csv
1905-07,8.36977,CPI,github-csv
1905-08,8.28075,CPI,github-csv
1905-09,8.27768,CPI,github-csv
1905-10,8.36977,CPI,github-csv
1905-11,8.46159,CPI,github-csv
1905-12,8.46793,CPI,github-csv
1906-01,8.46793,CPI,github-csv
1906-02,8.46793,CPI,github-csv
1906-03,8.46793,CPI,github-csv
1906-04,8.55992,CPI,github-csv
1906-05,8.56309,CPI,github-csv
1906-06,8.29671,CPI,github-csv
1906-07,8.46179,CPI,github-csv
1906-08,8.56002,CPI,github-csv
1906-09,8.73439,CPI,github-csv
1906-10,8.84544,CPI,github-csv
1906-11,8.9405,CPI,github-csv
1906-12,8.85158,CPI,github-csv
1907-01,9.0327,CPI,github-csv
1907-02,8.94707,CPI,github-csv
1907-03,8.94367,CPI,github-csv
1907-04,9.12766,CPI,github-csv
1907-05,9.22602,CPI,github-csv
1907-06,9.22909,CPI,github-csv
1907-07,9.22909,CPI,github-csv
1907-08,9.22909,CPI,github-csv
1907-09,9.32108,CPI,github-csv
1907-10,8.95595,CPI,github-csv
1907-11,8.76611,CPI,github-csv
1907-12,8.66133,CPI,github-csv
1908-01,8.56616,CPI,github-csv
1908-02,8.56309,CPI,github-csv
1908-03,8.65519,CPI,github-csv
1908-04,8.65826,CPI,github-csv
1908-05,8.65826,CPI,github-csv
1908-06,8.75025,CPI,github-csv
1908-07,8.75342,CPI,github-csv
1908-08,8.75342,CPI,github-csv
1908-09,8.84534,CPI,github-csv
1908-10,8.93753,CPI,github-csv
1908-11,9.03567,CPI,github-csv
1908-12,8.94674,CPI,github-csv
1909-01,9.02963,CPI,github-csv
1909-02,9.03884,CPI,github-csv
1909-03,9.22295,CPI,github-csv
1909-04,9.32108,CPI,github-csv
1909-05,9.40714,CPI,github-csv
1909-06,9.41942,CPI,github-csv
1909-07,9.50845,CPI,github-csv
1909-08,9.6066,CPI,github-csv
1909-09,9.79366,CPI,github-csv
1909-10,9.88596,CPI,github-csv
1909-11,9.98716,CPI,github-csv
1909-12,9.89824,CPI,github-csv
1910-01,9.89517,CPI,github-csv
1910-02,10.0786,CPI,github-csv
1910-03,10.1775,CPI,github-csv
1910-04,10.003,CPI,github-csv
1910-05,9.89824,CPI,github-csv
1910-06,9.89517,CPI,github-csv
1910-07,9.80921,CPI,github-csv
1910-08,9.7079,CPI,github-csv
1910-09,9.42893,CPI,github-csv
1910-10,9.23523,CPI,github-csv
1910-11,9.22909,CPI,github-csv
1910-12,9.22909,CPI,github-csv
1911-01,8.95288,CPI,github-csv
1911-02,9.03544,CPI,github-csv
1911-03,8.76263,CPI,github-csv
1911-04,8.75342,CPI,github-csv
1911-05,8.75342,CPI,github-csv
1911-06,8.84534,CPI,github-csv
1911-07,9.1248,CPI,github-csv
1911-08,9.22602,CPI,github-csv
1911-09,9.22909,CPI,github-csv
1911-10,9.13707,CPI,github-csv
1911-11,9.04518,CPI,github-csv
1911-12,9.1248,CPI,github-csv
1912-01,9.22602,CPI,github-csv
1912-02,9.41286,CPI,github-csv
1912-03,9.67721,CPI,github-csv
1912-04,9.70483,CPI,github-csv
1912-05,9.61274,CPI,github-csv
1912-06,9.60967,CPI,github-csv
1912-07,9.70176,CPI,github-csv
1912-08,9.79386,CPI,github-csv
1912-09,9.8,CPI,github-csv
1912-10,9.8,CPI,github-csv
1912-11,9.71118,CPI,github-csv
1912-12,9.79693,CPI,github-csv
1913-01,9.8,CPI,github-csv
1913-02,9.8,CPI,github-csv
1913-03,9.8,CPI,github-csv
1913-04,9.70333,CPI,github-csv
1913-05,9.79032,CPI,github-csv
1913-06,9.89667,CPI,github-csv
1913-07,9.9,CPI,github-csv
1913-08,9.99032,CPI,github-csv
1913-09,10,CPI,github-csv
1913-10,10.0968,CPI,github-csv
1913-11,10.01,CPI,github-csv
1913-12,10,CPI,github-csv
1914-01,9.90645,CPI,github-csv
1914-02,9.9,CPI,github-csv
1914-03,9.80323,CPI,github-csv
1914-04,9.89667,CPI,github-csv
1914-05,9.9,CPI,github-csv
1914-06,9.99667,CPI,github-csv
1914-07,10.1871,CPI,github-csv
1914-12,10.1,CPI,github-csv
1915-01,10.0097,CPI,github-csv
1915-02,9.91071,CPI,github-csv
1915-03,9.99677,CPI,github-csv
1915-04,10.0967,CPI,github-csv
1915-05,10.1,CPI,github-csv
1915-06,10.1,CPI,github-csv
1915-07,10.1,CPI,github-csv
1915-08,10.1,CPI,github-csv
1915-09,10.1967,CPI,github-csv
1915-10,10.2903,CPI,github-csv
1915-11,10.3,CPI,github-csv
1915-12,10.3935,CPI,github-csv
1916-01,10.4,CPI,github-csv
1916-02,10.4966,CPI,github-csv
1916-03,10.5968,CPI,github-csv
1916-04,10.69,CPI,github-csv
1916-05,10.7968,CPI,github-csv
1916-06,10.8,CPI,github-csv
1916-07,10.8968,CPI,github-csv
1916-08,11.0935,CPI,github-csv
1916-09,11.2867,CPI,github-csv
1916-10,11.4935,CPI,github-csv
1916-11,11.5933,CPI,github-csv
1916-12,11.6903,CPI,github-csv
1917-01,11.9903,CPI,github-csv
1917-02,12,CPI,github-csv
1917-03,12.5613,CPI,github-csv
1917-04,12.7933,CPI,github-csv
1917-05,12.9935,CPI,github-csv
1917-06,12.8133,CPI,github-csv
1917-07,12.9935,CPI,github-csv
1917-08,13.2903,CPI,github-csv
1917-09,13.48,CPI,github-csv
1917-10,13.5,CPI,github-csv
1917-11,13.6933,CPI,github-csv
1917-12,13.9903,CPI,github-csv
1918-01,14.0968,CPI,github-csv
1918-02,14.0036,CPI,github-csv
1918-03,14.1742,CPI,github-csv
1918-04,14.49,CPI,github-csv
1918-05,14.6935,CPI,github-csv
1918-06,15.06,CPI,github-csv
1918-07,15.3903,CPI,github-csv
1918-08,15.6806,CPI,github-csv
1918-09,15.99,CPI,github-csv
1918-10,16.2903,CPI,github-csv
1918-11,16.4867,CPI,github-csv
1918-12,16.5,CPI,github-csv
1919-01,16.2097,CPI,github-csv
1919-02,16.3929,CPI,github-csv
1919-03,16.6903,CPI,github-csv
1919-04,16.8933,CPI,github-csv
1919-05,16.9,CPI,github-csv
1919-06,17.3833,CPI,github-csv
1919-07,17.6903,CPI,github-csv
1919-08,17.7903,CPI,github-csv
1919-09,18.09,CPI,github-csv
1919-10,18.4871,CPI,github-csv
1919-11,18.86,CPI,github-csv
1919-12,19.2871,CPI,github-csv
1920-01,19.4871,CPI,github-csv
1920-02,19.6793,CPI,github-csv
1920-03,20.2806,CPI,github-csv
1920-04,20.59,CPI,github-csv
1920-05,20.8613,CPI,github-csv
1920-06,20.8033,CPI,github-csv
1920-07,20.3323,CPI,github-csv
1920-08,20.0097,CPI,github-csv
1920-09,19.9033,CPI,github-csv
1920-10,19.8097,CPI,github-csv
1920-11,19.4133,CPI,github-csv
1920-12,19.0129,CPI,github-csv
1921-01,18.4194,CPI,github-csv
1921-02,18.3036,CPI,github-csv
1921-03,18.1065,CPI,github-csv
1921-04,17.7267,CPI,github-csv
1921-05,17.6032,CPI,github-csv
1921-06,17.6967,CPI,github-csv
1921-07,17.7,CPI,github-csv
1921-08,17.5065,CPI,github-csv
1921-09,17.5,CPI,github-csv
1921-10,17.4032,CPI,github-csv
1921-11,17.3033,CPI,github-csv
1921-12,16.9258,CPI,github-csv
1922-01,16.9,CPI,github-csv
1922-02,16.7071,CPI,github-csv
1922-03,16.7,CPI,github-csv
1922-04,16.7,CPI,github-csv
1922-05,16.7,CPI,github-csv
1922-06,16.7967,CPI,github-csv
1922-07,16.6065,CPI,github-csv
1922-08,16.6,CPI,github-csv
1922-09,16.6933,CPI,github-csv
1922-10,16.7968,CPI,github-csv
1922-11,16.8933,CPI,github-csv
1922-12,16.8097,CPI,github-csv
1923-01,16.8,CPI,github-csv
1923-02,16.8,CPI,github-csv
1923-03,16.8903,CPI,github-csv
1923-04,16.9,CPI,github-csv
1923-05,16.9968,CPI,github-csv
1923-06,17.1867,CPI,github-csv
1923-07,17.1032,CPI,github-csv
1923-08,17.1968,CPI,github-csv
1923-09,17.29,CPI,github-csv
1923-10,17.3,CPI,github-csv
1923-11,17.3,CPI,github-csv
1923-12,17.3,CPI,github-csv
1924-01,17.2032,CPI,github-csv
1924-02,17.1034,CPI,github-csv
1924-03,17.0032,CPI,github-csv
1924-04,17,CPI,github-csv
1924-05,17,CPI,github-csv
1924-06,17.0967,CPI,github-csv
1924-07,17.0032,CPI,github-csv
1924-08,17.0903,CPI,github-csv
1924-09,17.1967,CPI,github-csv
1924-10,17.2,CPI,github-csv
1924-11,17.29,CPI,github-csv
1924-12,17.3,CPI,github-csv
1925-01,17.2065,CPI,github-csv
1925-02,17.2929,CPI,github-csv
1925-03,17.2032,CPI,github-csv
1925-04,17.2967,CPI,github-csv
1925-05,17.4806,CPI,github-csv
1925-06,17.6933,CPI,github-csv
1925-07,17.7,CPI,github-csv
1925-08,17.7,CPI,github-csv
1925-09,17.7,CPI,github-csv
1925-10,17.9806,CPI,github-csv
1925-11,17.9033,CPI,github-csv
1925-12,17.9,CPI,github-csv
1926-01,17.9,CPI,github-csv
1926-02,17.8107,CPI,github-csv
1926-03,17.8968,CPI,github-csv
1926-04,17.8033,CPI,github-csv
1926-05,17.7129,CPI,github-csv
1926-06,17.5067,CPI,github-csv
1926-07,17.4065,CPI,github-csv
1926-08,17.4968,CPI,github-csv
1926-09,17.5967,CPI,github-csv
1926-10,17.6903,CPI,github-csv
1926-11,17.7,CPI,github-csv
1926-12,17.5065,CPI,github-csv
1927-01,17.4032,CPI,github-csv
1927-02,17.3036,CPI,github-csv
1927-03,17.3,CPI,github-csv
1927-04,17.3933,CPI,github-csv
1927-05,17.5935,CPI,github-csv
1927-06,17.31,CPI,github-csv
1927-07,17.2097,CPI,github-csv
1927-08,17.2968,CPI,github-csv
1927-09,17.3967,CPI,github-csv
1927-10,17.3032,CPI,github-csv
1927-11,17.3,CPI,github-csv
1927-12,17.3,CPI,github-csv
1928-01,17.1065,CPI,github-csv
1928-02,17.1,CPI,github-csv
1928-03,17.1,CPI,github-csv
1928-04,17.1967,CPI,github-csv
1928-05,17.1032,CPI,github-csv
1928-06,17.1,CPI,github-csv
1928-07,17.1,CPI,github-csv
1928-08,17.2935,CPI,github-csv
1928-09,17.21,CPI,github-csv
1928-10,17.2,CPI,github-csv
1928-11,17.1033,CPI,github-csv
1928-12,17.1,CPI,github-csv
1929-01,17.1,CPI,github-csv
1929-02,17.0036,CPI,github-csv
1929-03,16.9129,CPI,github-csv
1929-04,16.9967,CPI,github-csv
1929-05,17.0968,CPI,github-csv
1929-06,17.28,CPI,github-csv
1929-07,17.3,CPI,github-csv
1929-08,17.3,CPI,github-csv
1929-09,17.3,CPI,github-csv
1929-10,17.3,CPI,github-csv
1929-11,17.2133,CPI,github-csv
1929-12,17.1032,CPI,github-csv
1930-01,17.0032,CPI,github-csv
1930-02,16.9036,CPI,github-csv
1930-03,16.9968,CPI,github-csv
1930-04,16.9033,CPI,github-csv
1930-05,16.8097,CPI,github-csv
1930-06,16.6067,CPI,github-csv
1930-07,16.5032,CPI,github-csv
1930-08,16.5903,CPI,github-csv
1930-09,16.5033,CPI,github-csv
1930-10,16.4032,CPI,github-csv
1930-11,16.13,CPI,github-csv
1930-12,15.9065,CPI,github-csv
1931-01,15.7129,CPI,github-csv
1931-02,15.6071,CPI,github-csv
1931-03,15.5032,CPI,github-csv
1931-04,15.3067,CPI,github-csv
1931-05,15.1194,CPI,github-csv
1931-06,15.1,CPI,github-csv
1931-07,15.1,CPI,github-csv
1931-08,15.0032,CPI,github-csv
1931-09,14.9033,CPI,github-csv
1931-10,14.7129,CPI,github-csv
1931-11,14.6033,CPI,github-csv
1931-12,14.3097,CPI,github-csv
1932-01,14.1194,CPI,github-csv
1932-02,14.0034,CPI,github-csv
1932-03,13.9032,CPI,github-csv
1932-04,13.7133,CPI,github-csv
1932-05,13.6032,CPI,github-csv
1932-06,13.6,CPI,github-csv
1932-07,13.5097,CPI,github-csv
1932-08,13.4032,CPI,github-csv
1932-09,13.3033,CPI,github-csv
1932-10,13.2032,CPI,github-csv
1932-11,13.1033,CPI,github-csv
1932-12,12.9129,CPI,github-csv
1933-01,12.7065,CPI,github-csv
1933-02,12.6036,CPI,github-csv
1933-03,12.6,CPI,github-csv
1933-04,12.6,CPI,github-csv
1933-05,12.6968,CPI,github-csv
1933-06,13.0867,CPI,github-csv
1933-07,13.1968,CPI,github-csv
1933-08,13.2,CPI,github-csv
1933-09,13.2,CPI,github-csv
1933-10,13.2,CPI,github-csv
1933-11,13.2,CPI,github-csv
1933-12,13.2,CPI,github-csv
1934-01,13.2968,CPI,github-csv
1934-02,13.3,CPI,github-csv
1934-03,13.3,CPI,github-csv
1934-04,13.3,CPI,github-csv
1934-05,13.3968,CPI,github-csv
1934-06,13.4,CPI,github-csv
1934-07,13.4,CPI,github-csv
1934-08,13.5935,CPI,github-csv
1934-09,13.51,CPI,github-csv
1934-10,13.5,CPI,github-csv
1934-11,13.4033,CPI,github-csv
1934-12,13.5935,CPI,github-csv
1935-01,13.6968,CPI,github-csv
1935-02,13.7,CPI,github-csv
1935-03,13.7903,CPI,github-csv
1935-04,13.8,CPI,github-csv
1935-05,13.7032,CPI,github-csv
1935-06,13.7,CPI,github-csv
1935-07,13.7,CPI,github-csv
1935-08,13.7,CPI,github-csv
1935-09,13.7,CPI,github-csv
1935-10,13.7968,CPI,github-csv
1935-11,13.8,CPI,github-csv
1935-12,13.8,CPI,github-csv
1936-01,13.8,CPI,github-csv
1936-02,13.7069,CPI,github-csv
1936-03,13.7,CPI,github-csv
1936-04,13.7,CPI,github-csv
1936-05,13.7903,CPI,github-csv
1936-06,13.8967,CPI,github-csv
1936-07,13.9968,CPI,github-csv
1936-08,14,CPI,github-csv
1936-09,14,CPI,github-csv
1936-10,14,CPI,github-csv
1936-11,14,CPI,github-csv
1936-12,14.0968,CPI,github-csv
1937-01,14.1,CPI,github-csv
1937-02,14.1893,CPI,github-csv
1937-03,14.2968,CPI,github-csv
1937-04,14.3967,CPI,github-csv
1937-05,14.4,CPI,github-csv
1937-06,14.4967,CPI,github-csv
1937-07,14.5,CPI,github-csv
1937-08,14.5968,CPI,github-csv
1937-09,14.6,CPI,github-csv
1937-10,14.5097,CPI,github-csv
1937-11,14.4033,CPI,github-csv
1937-12,14.2065,CPI,github-csv
1938-01,14.1032,CPI,github-csv
1938-02,14.1,CPI,github-csv
1938-03,14.1968,CPI,github-csv
1938-04,14.1067,CPI,github-csv
1938-05,14.1,CPI,github-csv
1938-06,14.1,CPI,github-csv
1938-07,14.1,CPI,github-csv
1938-08,14.1,CPI,github-csv
1938-09,14.0033,CPI,github-csv
1938-10,14,CPI,github-csv
1938-11,14,CPI,github-csv
1938-12,14,CPI,github-csv
1939-01,13.9032,CPI,github-csv
1939-02,13.9,CPI,github-csv
1939-03,13.8032,CPI,github-csv
1939-04,13.8,CPI,github-csv
1939-05,13.8,CPI,github-csv
1939-06,13.8,CPI,github-csv
1939-07,13.8,CPI,github-csv
1939-08,14.0903,CPI,github-csv
1939-09,14.0067,CPI,github-csv
1939-10,14,CPI,github-csv
1939-11,14,CPI,github-csv
1939-12,13.9097,CPI,github-csv
1940-01,13.9968,CPI,github-csv
1940-02,14,CPI,github-csv
1940-03,14,CPI,github-csv
1940-04,14,CPI,github-csv
1940-05,14.0968,CPI,github-csv
1940-06,14.01,CPI,github-csv
1940-07,14,CPI,github-csv
1940-08,14,CPI,github-csv
1940-09,14,CPI,github-csv
1940-10,14,CPI,github-csv
1940-11,14.0933,CPI,github-csv
1940-12,14.1,CPI,github-csv
1941-01,14.1,CPI,github-csv
1941-02,14.1964,CPI,github-csv
1941-03,14.2968,CPI,github-csv
1941-04,14.3967,CPI,github-csv
1941-05,14.671,CPI,github-csv
1941-06,14.7,CPI,github-csv
1941-07,14.8935,CPI,github-csv
1941-08,15.0806,CPI,github-csv
1941-09,15.2933,CPI,github-csv
1941-10,15.3968,CPI,github-csv
1941-11,15.49,CPI,github-csv
1941-12,15.6935,CPI,github-csv
1942-01,15.7935,CPI,github-csv
1942-02,15.9857,CPI,github-csv
1942-03,16.0968,CPI,github-csv
1942-04,16.2933,CPI,github-csv
1942-05,16.3,CPI,github-csv
1942-06,16.3967,CPI,github-csv
1942-07,16.4968,CPI,github-csv
1942-08,16.5,CPI,github-csv
1942-09,16.6933,CPI,github-csv
1942-10,16.7935,CPI,github-csv
1942-11,16.8967,CPI,github-csv
1942-12,16.9,CPI,github-csv
1943-01,16.9,CPI,github-csv
1943-02,17.1679,CPI,github-csv
1943-03,17.3935,CPI,github-csv
1943-04,17.4967,CPI,github-csv
1943-05,17.5,CPI,github-csv
1943-06,17.4033,CPI,github-csv
1943-07,17.3065,CPI,github-csv
1943-08,17.3968,CPI,github-csv
1943-09,17.4,CPI,github-csv
1943-10,17.4,CPI,github-csv
1943-11,17.4,CPI,github-csv
1943-12,17.4,CPI,github-csv
1944-01,17.4,CPI,github-csv
1944-02,17.4,CPI,github-csv
1944-03,17.4968,CPI,github-csv
1944-04,17.5,CPI,github-csv
1944-05,17.5968,CPI,github-csv
1944-06,17.6967,CPI,github-csv
1944-07,17.7,CPI,github-csv
1944-08,17.7,CPI,github-csv
1944-09,17.7,CPI,github-csv
1944-10,17.7,CPI,github-csv
1944-11,17.7967,CPI,github-csv
1944-12,17.8,CPI,github-csv
1945-01,17.8,CPI,github-csv
1945-02,17.8,CPI,github-csv
1945-03,17.8,CPI,github-csv
1945-04,17.8967,CPI,github-csv
1945-05,18.0935,CPI,github-csv
1945-06,18.1,CPI,github-csv
1945-07,18.1,CPI,github-csv
1945-08,18.1,CPI,github-csv
1945-09,18.1,CPI,github-csv
1945-10,18.1,CPI,github-csv
1945-11,18.1967,CPI,github-csv
1945-12,18.2,CPI,github-csv
1946-01,18.1032,CPI,github-csv
1946-02,18.2929,CPI,github-csv
1946-03,18.3903,CPI,github-csv
1946-04,18.4967,CPI,github-csv
1946-05,18.6935,CPI,github-csv
1946-06,19.69,CPI,github-csv
1946-07,20.1871,CPI,github-csv
1946-08,20.3871,CPI,github-csv
1946-09,20.7867,CPI,github-csv
1946-10,21.2839,CPI,github-csv
1946-11,21.4867,CPI,github-csv
1946-12,21.5,CPI,github-csv
1947-01,21.48,CPIAUCSL,fred
1947-02,21.62,CPIAUCSL,fred
1947-03,22,CPIAUCSL,fred
1947-04,22,CPIAUCSL,fred
1947-05,21.95,CPIAUCSL,fred
1947-06,22.08,CPIAUCSL,fred
1947-07,22.23,CPIAUCSL,fred
1947-08,22.4,CPIAUCSL,fred
1947-09,22.84,CPIAUCSL,fred
1947-10,22.91,CPIAUCSL,fred
1947-11,23.06,CPIAUCSL,fred
1947-12,23.41,CPIAUCSL,fred
1948-01,23.68,CPIAUCSL,fred
1948-02,23.67,CPIAUCSL,fred
1948-03,23.5,CPIAUCSL,fred
1948-04,23.82,CPIAUCSL,fred
1948-05,24.01,CPIAUCSL,fred
1948-06,24.15,CPIAUCSL,fred
1948-07,24.4,CPIAUCSL,fred
1948-08,24.43,CPIAUCSL,fred
1948-09,24.36,CPIAUCSL,fred
1948-10,24.31,CPIAUCSL,fred
1948-11,24.16,CPIAUCSL,fred
1948-12,24.05,CPIAUCSL,fred
1949-01,24.01,CPIAUCSL,fred
1949-02,23.91,CPIAUCSL,fred
1949-03,23.91,CPIAUCSL,fred
1949-04,23.92,CPIAUCSL,fred
1949-05,23.91,CPIAUCSL,fred
1949-06,23.92,CPIAUCSL,fred
1949-07,23.7,CPIAUCSL,fred
1949-08,23.7,CPIAUCSL,fred
1949-09,23.75,CPIAUCSL,fred
1949-10,23.67,CPIAUCSL,fred
1949-11,23.7,CPIAUCSL,fred
1949-12,23.61,CPIAUCSL,fred
1950-01,23.51,CPIAUCSL,fred
1950-02,23.61,CPIAUCSL,fred
1950-03,23.64,CPIAUCSL,fred
1950-04,23.65,CPIAUCSL,fred
1950-05,23.77,CPIAUCSL,fred
1950-06,23.88,CPIAUCSL,fred
1950-07,24.07,CPIAUCSL,fred
1950-08,24.2,CPIAUCSL,fred
1950-09,24.34,CPIAUCSL,fred
1950-10,24.5,CPIAUCSL,fred
1950-11,24.6,CPIAUCSL,fred
1950-12,24.98,CPIAUCSL,fred
1951-01,25.38,CPIAUCSL,fred
1951-02,25.83,CPIAUCSL,fred
1951-03,25.88,CPIAUCSL,fred
1951-04,25.92,CPIAUCSL,fred
1951-05,25.99,CPIAUCSL,fred
1951-06,25.93,CPIAUCSL,fred
1951-07,25.91,CPIAUCSL,fred
1951-08,25.86,CPIAUCSL,fred
1951-09,26.03,CPIAUCSL,fred
1951-10,26.16,CPIAUCSL,fred
1951-11,26.32,CPIAUCSL,fred
1951-12,26.47,CPIAUCSL,fred
1952-01,26.45,CPIAUCSL,fred
1952-02,26.41,CPIAUCSL,fred
1952-03,26.39,CPIAUCSL,fred
1952-04,26.46,CPIAUCSL,fred
1952-05,26.47,CPIAUCSL,fred
1952-06,26.53,CPIAUCSL,fred
1952-07,26.68,CPIAUCSL,fred
1952-08,26.69,CPIAUCSL,fred
1952-09,26.63,CPIAUCSL,fred
1952-10,26.69,CPIAUCSL,fred
1952-11,26.69,CPIAUCSL,fred
1952-12,26.71,CPIAUCSL,fred
1953-01,26.64,CPIAUCSL,fred
1953-02,26.59,CPIAUCSL,fred
1953-03,26.63,CPIAUCSL,fred
1953-04,26.69,CPIAUCSL,fred
1953-05,26.7,CPIAUCSL,fred
1953-06,26.77,CPIAUCSL,fred
1953-07,26.79,CPIAUCSL,fred
1953-08,26.85,CPIAUCSL,fred
1953-09,26.89,CPIAUCSL,fred
1953-10,26.95,CPIAUCSL,fred
1953-11,26.85,CPIAUCSL,fred
1953-12,26.87,CPIAUCSL,fred
1954-01,26.94,CPIAUCSL,fred
1954-02,26.99,CPIAUCSL,fred
1954-03,26.93,CPIAUCSL,fred
1954-04,26.86,CPIAUCSL,fred
1954-05,26.93,CPIAUCSL,fred
1954-06,26.94,CPIAUCSL,fred
1954-07,26.86,CPIAUCSL,fred
1954-08,26.85,CPIAUCSL,fred
1954-09,26.81,CPIAUCSL,fred
1954-10,26.72,CPIAUCSL,fred
1954-11,26.78,CPIAUCSL,fred
1954-12,26.77,CPIAUCSL,fred
1955-01,26.77,CPIAUCSL,fred
1955-02,26.82,CPIAUCSL,fred
1955-03,26.79,CPIAUCSL,fred
1955-04,26.79,CPIAUCSL,fred
1955-05,26.77,CPIAUCSL,fred
1955-06,26.71,CPIAUCSL,fred
1955-07,26.76,CPIAUCSL,fred
1955-08,26.72,CPIAUCSL,fred
1955-09,26.85,CPIAUCSL,fred
1955-10,26.82,CPIAUCSL,fred
1955-11,26.88,CPIAUCSL,fred
1955-12,26.87,CPIAUCSL,fred
1956-01,26.83,CPIAUCSL,fred
1956-02,26.86,CPIAUCSL,fred
1956-03,26.89,CPIAUCSL,fred
1956-04,26.93,CPIAUCSL,fred
1956-05,27.03,CPIAUCSL,fred
1956-06,27.15,CPIAUCSL,fred
1956-07,27.29,CPIAUCSL,fred
1956-08,27.31,CPIAUCSL,fred
1956-09,27.35,CPIAUCSL,fred
1956-10,27.51,CPIAUCSL,fred
1956-11,27.51,CPIAUCSL,fred
1956-12,27.63,CPIAUCSL,fred
1957-01,27.67,CPIAUCSL,fred
1957-02,27.8,CPIAUCSL,fred
1957-03,27.86,CPIAUCSL,fred
1957-04,27.93,CPIAUCSL,fred
1957-05,28,CPIAUCSL,fred
1957-06,28.11,CPIAUCSL,fred
1957-07,28.19,CPIAUCSL,fred
1957-08,28.28,CPIAUCSL,fred
1957-09,28.32,CPIAUCSL,fred
1957-10,28.32,CPIAUCSL,fred
1957-11,28.41,CPIAUCSL,fred
1957-12,28.47,CPIAUCSL,fred
1958-01,28.64,CPIAUCSL,fred
1958-02,28.7,CPIAUCSL,fred
1958-03,28.87,CPIAUCSL,fred
1958-04,28.94,CPIAUCSL,fred
1958-05,28.94,CPIAUCSL,fred
1958-06,28.91,CPIAUCSL,fred
1958-07,28.89,CPIAUCSL,fred
1958-08,28.94,CPIAUCSL,fred
1958-09,28.91,CPIAUCSL,fred
1958-10,28.91,CPIAUCSL,fred
1958-11,28.95,CPIAUCSL,fred
1958-12,28.97,CPIAUCSL,fred
1959-01,29.01,CPIAUCSL,fred
1959-02,29,CPIAUCSL,fred
1959-03,28.97,CPIAUCSL,fred
1959-04,28.98,CPIAUCSL,fred
1959-05,29.04,CPIAUCSL,fred
1959-06,29.11,CPIAUCSL,fred
1959-07,29.15,CPIAUCSL,fred
1959-08,29.18,CPIAUCSL,fred
1959-09,29.25,CPIAUCSL,fred
1959-10,29.35,CPIAUCSL,fred
1959-11,29.35,CPIAUCSL,fred
1959-12,29.41,CPIAUCSL,fred
1960-01,29.37,CPIAUCSL,fred
1960-02,29.41,CPIAUCSL,fred
1960-03,29.41,CPIAUCSL,fred
1960-04,29.54,CPIAUCSL,fred
1960-05,29.57,CPIAUCSL,fred
1960-06,29.61,CPIAUCSL,fred
1960-07,29.55,CPIAUCSL,fred
1960-08,29.61,CPIAUCSL,fred
1960-09,29.61,CPIAUCSL,fred
1960-10,29.75,CPIAUCSL,fred
1960-11,29.78,CPIAUCSL,fred
1960-12,29.81,CPIAUCSL,fred
1961-01,29.84,CPIAUCSL,fred
1961-02,29.84,CPIAUCSL,fred
1961-03,29.84,CPIAUCSL,fred
1961-04,29.81,CPIAUCSL,fred
1961-05,29.84,CPIAUCSL,fred
1961-06,29.84,CPIAUCSL,fred
1961-07,29.92,CPIAUCSL,fred
1961-08,29.94,CPIAUCSL,fred
1961-09,29.98,CPIAUCSL,fred
1961-10,29.98,CPIAUCSL,fred
1961-11,29.98,CPIAUCSL,fred
1961-12,30.01,CPIAUCSL,fred
1962-01,30.04,CPIAUCSL,fred
1962-02,30.11,CPIAUCSL,fred
1962-03,30.17,CPIAUCSL,fred
1962-04,30.21,CPIAUCSL,fred
1962-05,30.24,CPIAUCSL,fred
1962-06,30.21,CPIAUCSL,fred
1962-07,30.22,CPIAUCSL,fred
1962-08,30.28,CPIAUCSL,fred
1962-09,30.42,CPIAUCSL,fred
1962-10,30.38,CPIAUCSL,fred
1962-11,30.38,CPIAUCSL,fred
1962-12,30.38,CPIAUCSL,fred
1963-01,30.44,CPIAUCSL,fred
1963-02,30.48,CPIAUCSL,fred
1963-03,30.51,CPIAUCSL,fred
1963-04,30.48,CPIAUCSL,fred
1963-05,30.51,CPIAUCSL,fred
1963-06,30.61,CPIAUCSL,fred
1963-07,30.69,CPIAUCSL,fred
1963-08,30.75,CPIAUCSL,fred
1963-09,30.72,CPIAUCSL,fred
1963-10,30.75,CPIAUCSL,fred
1963-11,30.78,CPIAUCSL,fred
1963-12,30.88,CPIAUCSL,fred
1964-01,30.94,CPIAUCSL,fred
1964-02,30.91,CPIAUCSL,fred
1964-03,30.94,CPIAUCSL,fred
1964-04,30.95,CPIAUCSL,fred
1964-05,30.98,CPIAUCSL,fred
1964-06,31.01,CPIAUCSL,fred
1964-07,31.02,CPIAUCSL,fred
1964-08,31.05,CPIAUCSL,fred
1964-09,31.08,CPIAUCSL,fred
1964-10,31.12,CPIAUCSL,fred
1964-11,31.21,CPIAUCSL,fred
1964-12,31.25,CPIAUCSL,fred
1965-01,31.28,CPIAUCSL,fred
1965-02,31.28,CPIAUCSL,fred
1965-03,31.31,CPIAUCSL,fred
1965-04,31.38,CPIAUCSL,fred
1965-05,31.48,CPIAUCSL,fred
1965-06,31.61,CPIAUCSL,fred
1965-07,31.58,CPIAUCSL,fred
1965-08,31.55,CPIAUCSL,fred
1965-09,31.62,CPIAUCSL,fred
1965-10,31.65,CPIAUCSL,fred
1965-11,31.75,CPIAUCSL,fred
1965-12,31.85,CPIAUCSL,fred
1966-01,31.88,CPIAUCSL,fred
1966-02,32.08,CPIAUCSL,fred
1966-03,32.18,CPIAUCSL,fred
1966-04,32.28,CPIAUCSL,fred
1966-05,32.35,CPIAUCSL,fred
1966-06,32.38,CPIAUCSL,fred
1966-07,32.45,CPIAUCSL,fred
1966-08,32.65,CPIAUCSL,fred
1966-09,32.75,CPIAUCSL,fred
1966-10,32.85,CPIAUCSL,fred
1966-11,32.88,CPIAUCSL,fred
1966-12,32.92,CPIAUCSL,fred
1967-01,32.9,CPIAUCSL,fred
1967-02,33,CPIAUCSL,fred
1967-03,33,CPIAUCSL,fred
1967-04,33.1,CPIAUCSL,fred
1967-05,33.1,CPIAUCSL,fred
1967-06,33.3,CPIAUCSL,fred
1967-07,33.4,CPIAUCSL,fred
1967-08,33.5,CPIAUCSL,fred
1967-09,33.6,CPIAUCSL,fred
1967-10,33.7,CPIAUCSL,fred
1967-11,33.9,CPIAUCSL,fred
1967-12,34,CPIAUCSL,fred
1968-01,34.1,CPIAUCSL,fred
1968-02,34.2,CPIAUCSL,fred
1968-03,34.3,CPIAUCSL,fred
1968-04,34.4,CPIAUCSL,fred
1968-05,34.5,CPIAUCSL,fred
1968-06,34.7,CPIAUCSL,fred
1968-07,34.9,CPIAUCSL,fred
1968-08,35,CPIAUCSL,fred
1968-09,35.1,CPIAUCSL,fred
1968-10,35.3,CPIAUCSL,fred
1968-11,35.4,CPIAUCSL,fred
1968-12,35.6,CPIAUCSL,fred
1969-01,35.7,CPIAUCSL,fred
1969-02,35.8,CPIAUCSL,fred
1969-03,36.1,CPIAUCSL,fred
1969-04,36.3,CPIAUCSL,fred
1969-05,36.4,CPIAUCSL,fred
1969-06,36.6,CPIAUCSL,fred
1969-07,36.8,CPIAUCSL,fred
1969-08,36.9,CPIAUCSL,fred
1969-09,37.1,CPIAUCSL,fred
1969-10,37.3,CPIAUCSL,fred
1969-11,37.5,CPIAUCSL,fred
1969-12,37.7,CPIAUCSL,fred
1970-01,37.9,CPIAUCSL,fred
1970-02,38.1,CPIAUCSL,fred
1970-03,38.3,CPIAUCSL,fred
1970-04,38.5,CPIAUCSL,fred
1970-05,38.6,CPIAUCSL,fred
1970-06,38.8,CPIAUCSL,fred
1970-07,38.9,CPIAUCSL,fred
1970-08,39,CPIAUCSL,fred
1970-09,39.2,CPIAUCSL,fred
1970-10,39.4,CPIAUCSL,fred
1970-11,39.6,CPIAUCSL,fred
1970-12,39.8,CPIAUCSL,fred
1971-01,39.9,CPIAUCSL,fred
1971-02,39.9,CPIAUCSL,fred
1971-03,40,CPIAUCSL,fred
1971-04,40.1,CPIAUCSL,fred
1971-05,40.3,CPIAUCSL,fred
1971-06,40.5,CPIAUCSL,fred
1971-07,40.6,CPIAUCSL,fred
1971-08,40.7,CPIAUCSL,fred
1971-09,40.8,CPIAUCSL,fred
1971-10,40.9,CPIAUCSL,fred
1971-11,41,CPIAUCSL,fred
1971-12,41.1,CPIAUCSL,fred
1972-01,41.2,CPIAUCSL,fred
1972-02,41.4,CPIAUCSL,fred
1972-03,41.4,CPIAUCSL,fred
1972-04,41.5,CPIAUCSL,fred
1972-05,41.6,CPIAUCSL,fred
1972-06,41.7,CPIAUCSL,fred
1972-07,41.8,CPIAUCSL,fred
1972-08,41.9,CPIAUCSL,fred
1972-09,42.1,CPIAUCSL,fred
1972-10,42.2,CPIAUCSL,fred
1972-11,42.4,CPIAUCSL,fred
1972-12,42.5,CPIAUCSL,fred
1973-01,42.7,CPIAUCSL,fred
1973-02,43,CPIAUCSL,fred
1973-03,43.4,CPIAUCSL,fred
1973-04,43.7,CPIAUCSL,fred
1973-05,43.9,CPIAUCSL,fred
1973-06,44.2,CPIAUCSL,fred
1973-07,44.2,CPIAUCSL,fred
1973-08,45,CPIAUCSL,fred
1973-09,45.2,CPIAUCSL,fred
1973-10,45.6,CPIAUCSL,fred
1973-11,45.9,CPIAUCSL,fred
1973-12,46.3,CPIAUCSL,fred
1974-01,46.8,CPIAUCSL,fred
1974-02,47.3,CPIAUCSL,fred
1974-03,47.8,CPIAUCSL,fred
1974-04,48.1,CPIAUCSL,fred
1974-05,48.6,CPIAUCSL,fred
1974-06,49,CPIAUCSL,fred
1974-07,49.3,CPIAUCSL,fred
1974-08,49.9,CPIAUCSL,fred
1974-09,50.6,CPIAUCSL,fred
1974-10,51,CPIAUCSL,fred
1974-11,51.5,CPIAUCSL,fred
1974-12,51.9,CPIAUCSL,fred
1975-01,52.3,CPIAUCSL,fred
1975-02,52.6,CPIAUCSL,fred
1975-03,52.8,CPIAUCSL,fred
1975-04,53,CPIAUCSL,fred
1975-05,53.1,CPIAUCSL,fred
1975-06,53.5,CPIAUCSL,fred
1975-07,54,CPIAUCSL,fred
1975-08,54.2,CPIAUCSL,fred
1975-09,54.6,CPIAUCSL,fred
1975-10,54.9,CPIAUCSL,fred
1975-11,55.3,CPIAUCSL,fred
1975-12,55.6,CPIAUCSL,fred
1976-01,55.8,CPIAUCSL,fred
1976-02,55.9,CPIAUCSL,fred
1976-03,56,CPIAUCSL,fred
1976-04,56.1,CPIAUCSL,fred
1976-05,56.4,CPIAUCSL,fred
1976-06,56.7,CPIAUCSL,fred
1976-07,57,CPIAUCSL,fred
1976-08,57.3,CPIAUCSL,fred
1976-09,57.6,CPIAUCSL,fred
1976-10,57.9,CPIAUCSL,fred
1976-11,58.1,CPIAUCSL,fred
1976-12,58.4,CPIAUCSL,fred
1977-01,58.7,CPIAUCSL,fred
1977-02,59.3,CPIAUCSL,fred
1977-03,59.6,CPIAUCSL,fred
1977-04,60,CPIAUCSL,fred
1977-05,60.2,CPIAUCSL,fred
1977-06,60.5,CPIAUCSL,fred
1977-07,60.8,CPIAUCSL,fred
1977-08,61.1,CPIAUCSL,fred
1977-09,61.3,CPIAUCSL,fred
1977-10,61.6,CPIAUCSL,fred
1977-11,62,CPIAUCSL,fred
1977-12,62.3,CPIAUCSL,fred
1978-01,62.7,CPIAUCSL,fred
1978-02,63,CPIAUCSL,fred
1978-03,63.4,CPIAUCSL,fred
1978-04,63.9,CPIAUCSL,fred
1978-05,64.5,CPIAUCSL,fred
1978-06,65,CPIAUCSL,fred
1978-07,65.5,CPIAUCSL,fred
1978-08,65.9,CPIAUCSL,fred
1978-09,66.5,CPIAUCSL,fred
1978-10,67.1,CPIAUCSL,fred
1978-11,67.5,CPIAUCSL,fred
1978-12,67.9,CPIAUCSL,fred
1979-01,68.5,CPIAUCSL,fred
1979-02,69.2,CPIAUCSL,fred
1979-03,69.9,CPIAUCSL,fred
1979-04,70.6,CPIAUCSL,fred
1979-05,71.4,CPIAUCSL,fred
1979-06,72.2,CPIAUCSL,fred
1979-07,73,CPIAUCSL,fred
1979-08,73.7,CPIAUCSL,fred
1979-09,74.4,CPIAUCSL,fred
1979-10,75.2,CPIAUCSL,fred
1979-11,76,CPIAUCSL,fred
1979-12,76.9,CPIAUCSL,fred
1980-01,78,CPIAUCSL,fred
1980-02,79,CPIAUCSL,fred
1980-03,80.1,CPIAUCSL,fred
1980-04,80.9,CPIAUCSL,fred
1980-05,81.7,CPIAUCSL,fred
1980-06,82.5,CPIAUCSL,fred
1980-07,82.6,CPIAUCSL,fred
1980-08,83.2,CPIAUCSL,fred
1980-09,83.9,CPIAUCSL,fred
1980-10,84.7,CPIAUCSL,fred
1980-11,85.6,CPIAUCSL,fred
1980-12,86.4,CPIAUCSL,fred
1981-01,87.2,CPIAUCSL,fred
1981-02,88,CPIAUCSL,fred
1981-03,88.6,CPIAUCSL,fred
1981-04,89.1,CPIAUCSL,fred
1981-05,89.7,CPIAUCSL,fred
1981-06,90.5,CPIAUCSL,fred
1981-07,91.5,CPIAUCSL,fred
1981-08,92.2,CPIAUCSL,fred
1981-09,93.1,CPIAUCSL,fred
1981-10,93.4,CPIAUCSL,fred
1981-11,93.8,CPIAUCSL,fred
1981-12,94.1,CPIAUCSL,fred
1982-01,94.4,CPIAUCSL,fred
1982-02,94.7,CPIAUCSL,fred
1982-03,94.7,CPIAUCSL,fred
1982-04,95,CPIAUCSL,fred
1982-05,95.9,CPIAUCSL,fred
1982-06,97,CPIAUCSL,fred
1982-07,97.5,CPIAUCSL,fred
1982-08,97.7,CPIAUCSL,fred
1982-09,97.7,CPIAUCSL,fred
1982-10,98.1,CPIAUCSL,fred
1982-11,98,CPIAUCSL,fred
1982-12,97.7,CPIAUCSL,fred
1983-01,97.9,CPIAUCSL,fred
1983-02,98,CPIAUCSL,fred
1983-03,98.1,CPIAUCSL,fred
1983-04,98.8,CPIAUCSL,fred
1983-05,99.2,CPIAUCSL,fred
1983-06,99.4,CPIAUCSL,fred
1983-07,99.8,CPIAUCSL,fred
1983-08,100.1,CPIAUCSL,fred
1983-09,100.4,CPIAUCSL,fred
1983-10,100.8,CPIAUCSL,fred
1983-11,101.1,CPIAUCSL,fred
1983-12,101.4,CPIAUCSL,fred
1984-01,102.1,CPIAUCSL,fred
1984-02,102.6,CPIAUCSL,fred
1984-03,102.9,CPIAUCSL,fred
1984-04,103.3,CPIAUCSL,fred
1984-05,103.5,CPIAUCSL,fred
1984-06,103.7,CPIAUCSL,fred
1984-07,104.1,CPIAUCSL,fred
1984-08,104.4,CPIAUCSL,fred
1984-09,104.7,CPIAUCSL,fred
1984-10,105.1,CPIAUCSL,fred
1984-11,105.3,CPIAUCSL,fred
1984-12,105.5,CPIAUCSL,fred
1985-01,105.7,CPIAUCSL,fred
1985-02,106.3,CPIAUCSL,fred
1985-03,106.8,CPIAUCSL,fred
1985-04,107,CPIAUCSL,fred
1985-05,107.2,CPIAUCSL,fred
1985-06,107.5,CPIAUCSL,fred
1985-07,107.7,CPIAUCSL,fred
1985-08,107.9,CPIAUCSL,fred
1985-09,108.1,CPIAUCSL,fred
1985-10,108.5,CPIAUCSL,fred
1985-11,109,CPIAUCSL,fred
1985-12,109.5,CPIAUCSL,fred
1986-01,109.9,CPIAUCSL,fred
1986-02,109.7,CPIAUCSL,fred
1986-03,109.1,CPIAUCSL,fred
1986-04,108.7,CPIAUCSL,fred
1986-05,109,CPIAUCSL,fred
1986-06,109.4,CPIAUCSL,fred
1986-07,109.5,CPIAUCSL,fred
1986-08,109.6,CPIAUCSL,fred
1986-09,110,CPIAUCSL,fred
1986-10,110.2,CPIAUCSL,fred
1986-11,110.4,CPIAUCSL,fred
1986-12,110.8,CPIAUCSL,fred
1987-01,111.4,CPIAUCSL,fred
1987-02,111.8,CPIAUCSL,fred
1987-03,112.2,CPIAUCSL,fred
1987-04,112.7,CPIAUCSL,fred
1987-05,113,CPIAUCSL,fred
1987-06,113.5,CPIAUCSL,fred
1987-07,113.8,CPIAUCSL,fred
1987-08,114.3,CPIAUCSL,fred
1987-09,114.7,CPIAUCSL,fred
1987-10,115,CPIAUCSL,fred
1987-11,115.4,CPIAUCSL,fred
1987-12,115.6,CPIAUCSL,fred
1988-01,116,CPIAUCSL,fred
1988-02,116.2,CPIAUCSL,fred
1988-03,116.5,CPIAUCSL,fred
1988-04,117.2,CPIAUCSL,fred
1988-05,117.5,CPIAUCSL,fred
1988-06,118,CPIAUCSL,fred
1988-07,118.5,CPIAUCSL,fred
1988-08,119,CPIAUCSL,fred
1988-09,119.5,CPIAUCSL,fred
1988-10,119.9,CPIAUCSL,fred
1988-11,120.3,CPIAUCSL,fred
1988-12,120.7,CPIAUCSL,fred
1989-01,121.2,CPIAUCSL,fred
1989-02,121.6,CPIAUCSL,fred
1989-03,122.2,CPIAUCSL,fred
1989-04,123.1,CPIAUCSL,fred
1989-05,123.7,CPIAUCSL,fred
1989-06,124.1,CPIAUCSL,fred
1989-07,124.5,CPIAUCSL,fred
1989-08,124.5,CPIAUCSL,fred
1989-09,124.8,CPIAUCSL,fred
1989-10,125.4,CPIAUCSL,fred
1989-11,125.9,CPIAUCSL,fred
1989-12,126.3,CPIAUCSL,fred
1990-01,127.5,CPIAUCSL,fred
1990-02,128,CPIAUCSL,fred
1990-03,128.6,CPIAUCSL,fred
1990-04,128.9,CPIAUCSL,fred
1990-05,129.1,CPIAUCSL,fred
1990-06,129.9,CPIAUCSL,fred
1990-07,130.5,CPIAUCSL,fred
1990-08,131.6,CPIAUCSL,fred
1990-09,132.5,CPIAUCSL,fred
1990-10,133.4,CPIAUCSL,fred
1990-11,133.7,CPIAUCSL,fred
1990-12,134.2,CPIAUCSL,fred
1991-01,134.7,CPIAUCSL,fred
1991-02,134.8,CPIAUCSL,fred
1991-03,134.8,CPIAUCSL,fred
1991-04,135.1,CPIAUCSL,fred
1991-05,135.6,CPIAUCSL,fred
1991-06,136,CPIAUCSL,fred
1991-07,136.2,CPIAUCSL,fred
1991-08,136.6,CPIAUCSL,fred
1991-09,137,CPIAUCSL,fred
1991-10,137.2,CPIAUCSL,fred
1991-11,137.8,CPIAUCSL,fred
1991-12,138.2,CPIAUCSL,fred
1992-01,138.3,CPIAUCSL,fred
1992-02,138.6,CPIAUCSL,fred
1992-03,139.1,CPIAUCSL,fred
1992-04,139.4,CPIAUCSL,fred
1992-05,139.7,CPIAUCSL,fred
1992-06,140.1,CPIAUCSL,fred
1992-07,140.5,CPIAUCSL,fred
1992-08,140.8,CPIAUCSL,fred
1992-09,141.1,CPIAUCSL,fred
1992-10,141.7,CPIAUCSL,fred
1992-11,142.1,CPIAUCSL,fred
1992-12,142.3,CPIAUCSL,fred
1993-01,142.8,CPIAUCSL,fred
1993-02,143.1,CPIAUCSL,fred
1993-03,143.3,CPIAUCSL,fred
1993-04,143.8,CPIAUCSL,fred
1993-05,144.2,CPIAUCSL,fred
1993-06,144.3,CPIAUCSL,fred
1993-07,144.5,CPIAUCSL,fred
1993-08,144.8,CPIAUCSL,fred
1993-09,145,CPIAUCSL,fred
1993-10,145.6,CPIAUCSL,fred
1993-11,146,CPIAUCSL,fred
1993-12,146.3,CPIAUCSL,fred
1994-01,146.3,CPIAUCSL,fred
1994-02,146.7,CPIAUCSL,fred
1994-03,147.1,CPIAUCSL,fred
1994-04,147.2,CPIAUCSL,fred
1994-05,147.5,CPIAUCSL,fred
1994-06,147.9,CPIAUCSL,fred
1994-07,148.4,CPIAUCSL,fred
1994-08,149,CPIAUCSL,fred
1994-09,149.3,CPIAUCSL,fred
1994-10,149.4,CPIAUCSL,fred
1994-11,149.8,CPIAUCSL,fred
1994-12,150.1,CPIAUCSL,fred
1995-01,150.5,CPIAUCSL,fred
1995-02,150.9,CPIAUCSL,fred
1995-03,151.2,CPIAUCSL,fred
1995-04,151.8,CPIAUCSL,fred
1995-05,152.1,CPIAUCSL,fred
1995-06,152.4,CPIAUCSL,fred
1995-07,152.6,CPIAUCSL,fred
1995-08,152.9,CPIAUCSL,fred
1995-09,153.1,CPIAUCSL,fred
1995-10,153.5,CPIAUCSL,fred
1995-11,153.7,CPIAUCSL,fred
1995-12,153.9,CPIAUCSL,fred
1996-01,154.7,CPIAUCSL,fred
1996-02,155,CPIAUCSL,fred
1996-03,155.5,CPIAUCSL,fred
1996-04,156.1,CPIAUCSL,fred
1996-05,156.4,CPIAUCSL,fred
1996-06,156.7,CPIAUCSL,fred
1996-07,157,CPIAUCSL,fred
1996-08,157.2,CPIAUCSL,fred
1996-09,157.7,CPIAUCSL,fred
1996-10,158.2,CPIAUCSL,fred
1996-11,158.7,CPIAUCSL,fred
1996-12,159.1,CPIAUCSL,fred
1997-01,159.4,CPIAUCSL,fred
1997-02,159.7,CPIAUCSL,fred
1997-03,159.8,CPIAUCSL,fred
1997-04,159.9,CPIAUCSL,fred
1997-05,159.9,CPIAUCSL,fred
1997-06,160.2,CPIAUCSL,fred
1997-07,160.4,CPIAUCSL,fred
1997-08,160.8,CPIAUCSL,fred
1997-09,161.2,CPIAUCSL,fred
1997-10,161.5,CPIAUCSL,fred
1997-11,161.7,CPIAUCSL,fred
1997-12,161.8,CPIAUCSL,fred
1998-01,162,CPIAUCSL,fred
1998-02,162,CPIAUCSL,fred
1998-03,162,CPIAUCSL,fred
1998-04,162.2,CPIAUCSL,fred
1998-05,162.6,CPIAUCSL,fred
1998-06,162.8,CPIAUCSL,fred
1998-07,163.2,CPIAUCSL,fred
1998-08,163.4,CPIAUCSL,fred
1998-09,163.5,CPIAUCSL,fred
1998-10,163.9,CPIAUCSL,fred
1998-11,164.1,CPIAUCSL,fred
1998-12,164.4,CPIAUCSL,fred
1999-01,164.7,CPIAUCSL,fred
1999-02,164.7,CPIAUCSL,fred
1999-03,164.8,CPIAUCSL,fred
1999-04,165.9,CPIAUCSL,fred
1999-05,166,CPIAUCSL,fred
1999-06,166,CPIAUCSL,fred
1999-07,166.7,CPIAUCSL,fred
1999-08,167.1,CPIAUCSL,fred
1999-09,167.8,CPIAUCSL,fred
1999-10,168.1,CPIAUCSL,fred
1999-11,168.4,CPIAUCSL,fred
1999-12,168.8,CPIAUCSL,fred
2000-01,169.3,CPIAUCSL,fred
2000-02,170,CPIAUCSL,fred
2000-03,171,CPIAUCSL,fred
2000-04,170.9,CPIAUCSL,fred
2000-05,171.2,CPIAUCSL,fred
2000-06,172.2,CPIAUCSL,fred
2000-07,172.7,CPIAUCSL,fred
2000-08,172.7,CPIAUCSL,fred
2000-09,173.6,CPIAUCSL,fred
2000-10,173.9,CPIAUCSL,fred
2000-11,174.2,CPIAUCSL,fred
2000-12,174.6,CPIAUCSL,fred
2001-01,175.6,CPIAUCSL,fred
2001-02,176,CPIAUCSL,fred
2001-03,176.1,CPIAUCSL,fred
2001-04,176.4,CPIAUCSL,fred
2001-05,177.3,CPIAUCSL,fred
2001-06,177.7,CPIAUCSL,fred
2001-07,177.4,CPIAUCSL,fred
2001-08,177.4,CPIAUCSL,fred
2001-09,178.1,CPIAUCSL,fred
2001-10,177.6,CPIAUCSL,fred
2001-11,177.5,CPIAUCSL,fred
2001-12,177.4,CPIAUCSL,fred
2002-01,177.7,CPIAUCSL,fred
2002-02,178,CPIAUCSL,fred
2002-03,178.5,CPIAUCSL,fred
2002-04,179.3,CPIAUCSL,fred
2002-05,179.5,CPIAUCSL,fred
2002-06,179.6,CPIAUCSL,fred
2002-07,180,CPIAUCSL,fred
2002-08,180.5,CPIAUCSL,fred
2002-09,180.8,CPIAUCSL,fred
2002-10,181.2,CPIAUCSL,fred
2002-11,181.5,CPIAUCSL,fred
2002-12,181.8,CPIAUCSL,fred
2003-01,182.6,CPIAUCSL,fred
2003-02,183.6,CPIAUCSL,fred
2003-03,183.9,CPIAUCSL,fred
2003-04,183.2,CPIAUCSL,fred
2003-05,182.9,CPIAUCSL,fred
2003-06,183.1,CPIAUCSL,fred
2003-07,183.7,CPIAUCSL,fred
2003-08,184.5,CPIAUCSL,fred
2003-09,185.1,CPIAUCSL,fred
2003-10,184.9,CPIAUCSL,fred
2003-11,185,CPIAUCSL,fred
2003-12,185.5,CPIAUCSL,fred
2004-01,186.3,CPIAUCSL,fred
2004-02,186.7,CPIAUCSL,fred
2004-03,187.1,CPIAUCSL,fred
2004-04,187.4,CPIAUCSL,fred
2004-05,188.2,CPIAUCSL,fred
2004-06,188.9,CPIAUCSL,fred
2004-07,189.1,CPIAUCSL,fred
2004-08,189.2,CPIAUCSL,fred
2004-09,189.8,CPIAUCSL,fred
2004-10,190.8,CPIAUCSL,fred
2004-11,191.7,CPIAUCSL,fred
2004-12,191.7,CPIAUCSL,fred
2005-01,191.6,CPIAUCSL,fred
2005-02,192.4,CPIAUCSL,fred
2005-03,193.1,CPIAUCSL,fred
2005-04,193.7,CPIAUCSL,fred
2005-05,193.6,CPIAUCSL,fred
2005-06,193.7,CPIAUCSL,fred
2005-07,194.9,CPIAUCSL,fred
2005-08,196.1,CPIAUCSL,fred
2005-09,198.8,CPIAUCSL,fred
2005-10,199.1,CPIAUCSL,fred
2005-11,198.1,CPIAUCSL,fred
2005-12,198.1,CPIAUCSL,fred
2006-01,199.3,CPIAUCSL,fred
2006-02,199.4,CPIAUCSL,fred
2006-03,199.7,CPIAUCSL,fred
2006-04,200.7,CPIAUCSL,fred
2006-05,201.3,CPIAUCSL,fred
2006-06,201.8,CPIAUCSL,fred
2006-07,202.9,CPIAUCSL,fred
2006-08,203.8,CPIAUCSL,fred
2006-09,202.8,CPIAUCSL,fred
2006-10,201.9,CPIAUCSL,fred
2006-11,202,CPIAUCSL,fred
2006-12,203.1,CPIAUCSL,fred
2007-01,203.437,CPIAUCSL,fred
2007-02,204.226,CPIAUCSL,fred
2007-03,205.288,CPIAUCSL,fred
2007-04,205.904,CPIAUCSL,fred
2007-05,206.755,CPIAUCSL,fred
2007-06,207.234,CPIAUCSL,fred
2007-07,207.603,CPIAUCSL,fred
2007-08,207.667,CPIAUCSL,fred
2007-09,208.547,CPIAUCSL,fred
2007-10,209.19,CPIAUCSL,fred
2007-11,210.834,CPIAUCSL,fred
2007-12,211.445,CPIAUCSL,fred
2008-01,212.174,CPIAUCSL,fred
2008-02,212.687,CPIAUCSL,fred
2008-03,213.448,CPIAUCSL,fred
2008-04,213.942,CPIAUCSL,fred
2008-05,215.208,CPIAUCSL,fred
2008-06,217.463,CPIAUCSL,fred
2008-07,219.016,CPIAUCSL,fred
2008-08,218.69,CPIAUCSL,fred
2008-09,218.877,CPIAUCSL,fred
2008-10,216.995,CPIAUCSL,fred
2008-11,213.153,CPIAUCSL,fred
2008-12,211.398,CPIAUCSL,fred
2009-01,211.933,CPIAUCSL,fred
2009-02,212.705,CPIAUCSL,fred
2009-03,212.495,CPIAUCSL,fred
2009-04,212.709,CPIAUCSL,fred
2009-05,213.022,CPIAUCSL,fred
2009-06,214.79,CPIAUCSL,fred
2009-07,214.726,CPIAUCSL,fred
2009-08,215.445,CPIAUCSL,fred
2009-09,215.861,CPIAUCSL,fred
2009-10,216.509,CPIAUCSL,fred
2009-11,217.234,CPIAUCSL,fred
2009-12,217.347,CPIAUCSL,fred
2010-01,217.488,CPIAUCSL,fred
2010-02,217.281,CPIAUCSL,fred
2010-03,217.353,CPIAUCSL,fred
2010-04,217.403,CPIAUCSL,fred
2010-05,217.29,CPIAUCSL,fred
2010-06,217.199,CPIAUCSL,fred
2010-07,217.605,CPIAUCSL,fred
2010-08,217.923,CPIAUCSL,fred
2010-09,218.275,CPIAUCSL,fred
2010-10,219.035,CPIAUCSL,fred
2010-11,219.59,CPIAUCSL,fred
2010-12,220.472,CPIAUCSL,fred
2011-01,221.187,CPIAUCSL,fred
2011-02,221.898,CPIAUCSL,fred
2011-03,223.046,CPIAUCSL,fred
2011-04,224.093,CPIAUCSL,fred
2011-05,224.806,CPIAUCSL,fred
2011-06,224.806,CPIAUCSL,fred
2011-07,225.395,CPIAUCSL,fred
2011-08,226.106,CPIAUCSL,fred
2011-09,226.597,CPIAUCSL,fred
2011-10,226.75,CPIAUCSL,fred
2011-11,227.169,CPIAUCSL,fred
2011-12,227.223,CPIAUCSL,fred
2012-01,227.842,CPIAUCSL,fred
2012-02,228.329,CPIAUCSL,fred
2012-03,228.807,CPIAUCSL,fred
2012-04,229.187,CPIAUCSL,fred
2012-05,228.713,CPIAUCSL,fred
2012-06,228.524,CPIAUCSL,fred
2012-07,228.59,CPIAUCSL,fred
2012-08,229.918,CPIAUCSL,fred
2012-09,231.015,CPIAUCSL,fred
2012-10,231.638,CPIAUCSL,fred
2012-11,231.249,CPIAUCSL,fred
2012-12,231.221,CPIAUCSL,fred
2013-01,231.679,CPIAUCSL,fred
2013-02,232.937,CPIAUCSL,fred
2013-03,232.282,CPIAUCSL,fred
2013-04,231.797,CPIAUCSL,fred
2013-05,231.893,CPIAUCSL,fred
2013-06,232.445,CPIAUCSL,fred
2013-07,232.9,CPIAUCSL,fred
2013-08,233.456,CPIAUCSL,fred
2013-09,233.544,CPIAUCSL,fred
2013-10,233.669,CPIAUCSL,fred
2013-11,234.1,CPIAUCSL,fred
2013-12,234.719,CPIAUCSL,fred
2014-01,235.288,CPIAUCSL,fred
2014-02,235.547,CPIAUCSL,fred
2014-03,236.028,CPIAUCSL,fred
2014-04,236.468,CPIAUCSL,fred
2014-05,236.918,CPIAUCSL,fred
2014-06,237.231,CPIAUCSL,fred
2014-07,237.498,CPIAUCSL,fred
2014-08,237.46,CPIAUCSL,fred
2014-09,237.477,CPIAUCSL,fred
2014-10,237.43,CPIAUCSL,fred
2014-11,236.983,CPIAUCSL,fred
2014-12,236.252,CPIAUCSL,fred
2015-01,234.747,CPIAUCSL,fred
2015-02,235.342,CPIAUCSL,fred
2015-03,235.976,CPIAUCSL,fred
2015-04,236.222,CPIAUCSL,fred
2015-05,237.001,CPIAUCSL,fred
2015-06,237.657,CPIAUCSL,fred
2015-07,238.034,CPIAUCSL,fred
2015-08,238.033,CPIAUCSL,fred
2015-09,237.498,CPIAUCSL,fred
2015-10,237.733,CPIAUCSL,fred
2015-11,238.017,CPIAUCSL,fred
2015-12,237.761,CPIAUCSL,fred
2016-01,237.652,CPIAUCSL,fred
2016-02,237.336,CPIAUCSL,fred
2016-03,238.08,CPIAUCSL,fred
2016-04,238.992,CPIAUCSL,fred
2016-05,239.557,CPIAUCSL,fred
2016-06,240.222,CPIAUCSL,fred
2016-07,240.101,CPIAUCSL,fred
2016-08,240.545,CPIAUCSL,fred
2016-09,241.176,CPIAUCSL,fred
2016-10,241.741,CPIAUCSL,fred
2016-11,242.026,CPIAUCSL,fred
2016-12,242.637,CPIAUCSL,fred
2017-01,243.618,CPIAUCSL,fred
2017-02,244.006,CPIAUCSL,fred
2017-03,243.892,CPIAUCSL,fred
2017-04,244.193,CPIAUCSL,fred
2017-05,244.004,CPIAUCSL,fred
2017-06,244.163,CPIAUCSL,fred
2017-07,244.243,CPIAUCSL,fred
2017-08,245.183,CPIAUCSL,fred
2017-09,246.435,CPIAUCSL,fred
2017-10,246.626,CPIAUCSL,fred
2017-11,247.284,CPIAUCSL,fred
2017-12,247.805,CPIAUCSL,fred
2018-01,248.859,CPIAUCSL,fred
2018-02,249.529,CPIAUCSL,fred
2018-03,249.577,CPIAUCSL,fred
2018-04,250.227,CPIAUCSL,fred
2018-05,250.792,CPIAUCSL,fred
2018-06,251.018,CPIAUCSL,fred
2018-07,251.214,CPIAUCSL,fred
2018-08,251.663,CPIAUCSL,fred
2018-09,252.182,CPIAUCSL,fred
2018-10,252.772,CPIAUCSL,fred
2018-11,252.594,CPIAUCSL,fred
2018-12,252.767,CPIAUCSL,fred
2019-01,252.561,CPIAUCSL,fred
2019-02,253.319,CPIAUCSL,fred
2019-03,254.277,CPIAUCSL,fred
2019-04,255.233,CPIAUCSL,fred
2019-05,255.296,CPIAUCSL,fred
2019-06,255.213,CPIAUCSL,fred
2019-07,255.802,CPIAUCSL,fred
2019-08,256.036,CPIAUCSL,fred
2019-09,256.43,CPIAUCSL,fred
2019-10,257.155,CPIAUCSL,fred
2019-11,257.879,CPIAUCSL,fred
2019-12,258.63,CPIAUCSL,fred
2020-01,259.127,CPIAUCSL,fred
2020-02,259.25,CPIAUCSL,fred
2020-03,258.076,CPIAUCSL,fred
2020-04,256.032,CPIAUCSL,fred
2020-05,255.802,CPIAUCSL,fred
2020-06,257.042,CPIAUCSL,fred
2020-07,258.352,CPIAUCSL,fred
2020-08,259.316,CPIAUCSL,fred
2020-09,259.997,CPIAUCSL,fred
2020-10,260.319,CPIAUCSL,fred
2020-11,260.911,CPIAUCSL,fred
2020-12,262.045,CPIAUCSL,fred
2021-01,262.687,CPIAUCSL,fred
2021-02,263.579,CPIAUCSL,fred
2021-03,264.961,CPIAUCSL,fred
2021-04,266.614,CPIAUCSL,fred
2021-05,268.383,CPIAUCSL,fred
2021-06,270.654,CPIAUCSL,fred
2021-07,271.903,CPIAUCSL,fred
2021-08,272.676,CPIAUCSL,fred
2021-09,273.91,CPIAUCSL,fred
2021-10,276.55,CPIAUCSL,fred
2021-11,278.919,CPIAUCSL,fred
2021-12,280.845,CPIAUCSL,fred
2022-01,282.543,CPIAUCSL,fred
2022-02,284.5,CPIAUCSL,fred
2022-03,287.674,CPIAUCSL,fred
2022-04,288.561,CPIAUCSL,fred
2022-05,291.298,CPIAUCSL,fred
2022-06,294.957,CPIAUCSL,fred
2022-07,294.913,CPIAUCSL,fred
2022-08,295.097,CPIAUCSL,fred
2022-09,296.349,CPIAUCSL,fred
2022-10,298.007,CPIAUCSL,fred
2022-11,298.786,CPIAUCSL,fred
2022-12,298.832,CPIAUCSL,fred
2023-01,300.42,CPIAUCSL,fred
2023-02,301.45,CPIAUCSL,fred
2023-03,301.821,CPIAUCSL,fred
2023-04,302.845,CPIAUCSL,fred
2023-05,303.334,CPIAUCSL,fred
2023-06,304.014,CPIAUCSL,fred
2023-07,304.609,CPIAUCSL,fred
2023-08,306.082,CPIAUCSL,fred
2023-09,307.276,CPIAUCSL,fred
2023-10,307.696,CPIAUCSL,fred
2023-11,308.148,CPIAUCSL,fred
2023-12,308.741,CPIAUCSL,fred
2024-01,309.698,CPIAUCSL,fred
2024-02,310.967,CPIAUCSL,fred
2024-03,312.345,CPIAUCSL,fred
2024-04,313.023,CPIAUCSL,fred
2024-05,313.175,CPIAUCSL,fred
2024-06,313.044,CPIAUCSL,fred
2024-07,313.569,CPIAUCSL,fred
2024-08,314.062,CPIAUCSL,fred
2024-09,314.732,CPIAUCSL,fred
2024-10,315.631,CPIAUCSL,fred
2024-11,316.528,CPIAUCSL,fred
2024-12,317.604,CPIAUCSL,fred
2025-01,318.961,CPIAUCSL,fred
2025-02,319.679,CPIAUCSL,fred
2025-03,319.785,CPIAUCSL,fred
2025-04,320.302,CPIAUCSL,fred
2025-05,320.62,CPIAUCSL,fred
2025-06,321.435,CPIAUCSL,fred
2025-07,322.169,CPIAUCSL,fred
2025-08,323.291,CPIAUCSL,fred
2025-09,324.245,CPIAUCSL,fred
2025-10,324.245,CPIAUCSL,fred-carry-forward
2025-11,325.063,CPIAUCSL,fred
2025-12,326.031,CPIAUCSL,fred
2026-01,326.588,CPIAUCSL,fred
2026-02,327.46,CPIAUCSL,fred
2026-03,330.293,CPIAUCSL,fred
2026-04,332.407,CPIAUCSL,fred
2026-05,333.979,CPIAUCSL,fred